stage,date,tokens_per_second,basis,status,evidence_ref,evidence_archive,evidence_sha256,source_artifact
baseline,2026-07-30,0.06545,16-token auto-budget median,starting_point,private retained lab record,historical-lab-record,9928acb23dc009433eaa319687c378e4e7d173530e60ce8c4fe80fbabd47a914,summary.csv
sprint1,2026-07-31,0.17243,practical 64-token decode,retained_safety_profile,https://github.com/mccoyspace/waste-spark/tree/gn100-sprint5-results-2026-08-01,historical-lab-record,c6ddf793a375ee7e806aa8947f5fb2f7200c730bc8303718b2046b48522f899a,first-sprint-report.md
sprint2,2026-07-31,0.20308,matched 64-token decode,retained_io_uring_qd4,https://github.com/mccoyspace/waste-spark/tree/gn100-sprint5-results-2026-08-01,historical-lab-record,dd1fa1e4130523c76db12fd9766ae06ad9dcf32ca731f59a12113a7c0c1a7413,second-sprint-report.md
sprint3,2026-07-31,0.20308,retained Sprint 2 production result,mechanism_only,https://github.com/mccoyspace/waste-spark/tree/gn100-sprint5-results-2026-08-01,historical-lab-record,fbedd7795e7949fe469b09d78ea6435467b978a17b5fcaf882436d17116e8b28,third-sprint-report.md
sprint4,2026-08-01,0.20308,retained Sprint 2 production result,prefix_cache_added,https://github.com/mccoyspace/waste-spark/tree/gn100-sprint5-results-2026-08-01,historical-lab-record,ad30f2103fbb7fb050c185be5fe6bdb26bc20f9bf30e3ba6993200c796c863a7,fourth-sprint-report.md
sprint5,2026-08-01,0.312,one-token four-block whole-expert plus Q0 mean,retained_archive,https://github.com/mccoyspace/waste-spark/tree/gn100-sprint5-results-2026-08-01,historical-lab-record,a87c26026a4c909c2dada0782fd0071e00a31350739a668e162a3266547d0ce2,fifth-sprint-report.md
sprint6,2026-08-01,0.36,current-upstream raw one-token bridge,retained_current_reader,https://github.com/mccoyspace/waste-spark/releases/tag/gn100-sprint6-results-2026-08-01,waste-gn100-sprint6-evidence-2026-08-01.tar.gz,9ebbc98139ce5b8a9ebb46eb1519105a95f1cc018a33e4e3e76831acb206a78e,sixth-sprint-report.md
sprint7,2026-08-02,0.34,sustained 64-token decode,retained_q0_profile,https://github.com/mccoyspace/waste-spark/releases/tag/gn100-sprint7-results-2026-08-02,waste-gn100-sprint7-evidence-2026-08-02.tar.gz,2d820a89df82bd868308ba51d00ff2b5bee000ff319cfe96d10699b18391ebf8,docs/gn100/sprint7-baseline.csv
sprint8,2026-08-02,0.34,retained Sprint 7 result,no_promotion,https://github.com/mccoyspace/waste-spark/releases/tag/gn100-sprint8-results-2026-08-02,waste-gn100-sprint8-evidence-2026-08-02.tar.gz,bcfaac94364dc32f4ee1f7a4f5b2c0a12b87aed8d9b9d7b4bcadfc9a698fa435,docs/gn100/sprint8-throughput.csv
sprint9,2026-08-02,0.349018,one-load balanced 16-token median,retained_width0,https://github.com/mccoyspace/waste-spark/releases/tag/gn100-sprint9-results-2026-08-02,gn100-sprint9-evidence-2026-08-02.tar.gz,f8df2eb7417c839bfa3138e9490de224a5a46b3a72c39f0c4da889d8e1fea6cd,docs/gn100/sprint9-lookahead.csv
sprint10,2026-08-02,0.349018,retained Sprint 9 result,no_promotion,docs/gn100/sprint10-pressure.csv,gn100-sprint10-pressure-evidence-2026-08-02.tar.gz,9cf515ed3e479f9b34cbc832d849253c14d54e73b1dcadb5e4437147e57170a3,docs/gn100/sprint10-pressure.csv
sprint11,2026-08-02,0.475833,exact 64-token KDA-CUDA capture,experimental,https://github.com/mccoyspace/waste-spark/releases/tag/gn100-sprint12-results-2026-08-02,gn100-sprint12-evidence-2026-08-02.tar.gz,a38522b49866a3aa93b551560b69ade282bb960f6f26c1aea7050e4e5bfd65a0,docs/gn100/sprint11-gpu-summary.json
sprint12,2026-08-02,0.673474,exact 64-token dense-CUDA capture,experimental_selected_scope2,https://github.com/mccoyspace/waste-spark/releases/tag/gn100-sprint12-results-2026-08-02,gn100-sprint12-evidence-2026-08-02.tar.gz,a38522b49866a3aa93b551560b69ade282bb960f6f26c1aea7050e4e5bfd65a0,docs/gn100/sprint12-dense-gpu-summary.json
sprint13,2026-08-03,0.901801,exact 64-token VQ-CUDA capture,experimental_selected_mode2,https://github.com/mccoyspace/waste-spark/releases/tag/gn100-sprint13-results-2026-08-03,gn100-sprint13-evidence-2026-08-03.tar.gz,5374bef47b6eac115be4ff98e02dd7b2c46239a07aa9105d55f412fc475becfe,docs/gn100/sprint13-vq-gpu-summary.json
sprint14,2026-08-03,0.901801,retained Sprint 13 strict result,no_promotion,https://github.com/mccoyspace/waste-spark/releases/tag/gn100-sprint14-results-2026-08-03,gn100-sprint14-evidence-2026-08-03.tar.gz,b3a93ac65c5c3a41dd0da4d8bda9063fd5272df3d745680ccc333db40b3c43a1,docs/gn100/sprint14-heldout-aging-summary.json
sprint15,2026-08-03,0.901801,retained Sprint 13 strict result,no_promotion,https://github.com/mccoyspace/waste-spark/releases/tag/gn100-sprint15-results-2026-08-03,gn100-sprint15-evidence-2026-08-03.tar.gz,22566ef8ea59c65617b619af1c418701672377b242c45ce4c1fe941bf80b3fb1,docs/gn100/sprint15-prior-compression-summary.json
sprint16,2026-08-03,0.901801,retained Sprint 13 strict result,no_prototype,https://github.com/mccoyspace/waste-spark/releases/tag/gn100-sprint16-results-2026-08-03,gn100-sprint16-evidence-2026-08-03.tar.gz,2ddbd12a0689bb61fe5400472f0faa593aa7546c0518278eb6b96f504f512688,docs/gn100/sprint16-speculative-summary.json
sprint17,2026-08-06,0.901801,retained Sprint 13 strict result,no_integration,https://github.com/mccoyspace/waste-spark/releases/tag/gn100-sprint17-selfdraft-results-2026-08-06,sprint17-k3-selfdraft-evidence-20260806.tar.gz,e11623f07cb7381652519b65b60bca5e2cec4f6aee921247260c3fedfc56465a,docs/K3_SELF_DRAFT_GB10.md
sprint18,2026-08-06,0.901801,retained Sprint 13 strict result,no_integration,https://github.com/mccoyspace/waste-spark/releases/tag/gn100-sprint18-exact-verifier-results-2026-08-06,sprint18-exact-verifier-evidence-20260806.tar.gz,3b3ef93dfffa7ab095807ec6caeb16994d7f4be83a834d9dde7982146f3942df,docs/EXACT_BATCH_VERIFIER_GB10.md
task1,2026-08-07,0.6541666667,24 development-corpus 64-token CLI runs,qualified_promoted,https://github.com/mccoyspace/waste-spark/releases/tag/gn100-consolidation-task1-qualified-2026-08-07,waste-gn100-consolidation-task1-v9-evidence-2026-08-07.tar.gz,10ed8eba82dbf1da9e4c98c8597e46bfaf6de674d401a7b588f2cdfe652098d2,docs/gn100/consolidation-task1-v9-summary.json
task4,2026-08-07,0.6373165,12 held-out H3 64-token runs,qualified_heldout_absolute,https://github.com/mccoyspace/waste-spark/releases/tag/gn100-consolidation-task4-h3-2026-08-07,waste-gn100-consolidation-task4-h3-evidence-2026-08-07.tar.gz,aa98eaff496eff2b194a4632598c7a1ebe03b51a69dc0c8e0534554e6a928b9d,docs/gn100/consolidation-task4-h3-summary.json
